{"cameraMode":{"drawMode":0,"name":"Shaded","section":"Shading Mode"},"sceneLighting":false,"audioPlay":false,"sceneViewState":{"m_AlwaysRefresh":false,"showFog":true,"showSkybox":false,"showFlares":true,"showImageEffects":true,"showParticleSystems":true,"showVisualEffectGraphs":true,"m_FxEnabled":true},"in2DMode":false,"pivot":{"x":-0.2575494647026062,"y":0.37505221366882326,"z":-0.12939387559890748},"rotation":{"x":-0.7581090927124023,"y":-0.05540512874722481,"z":0.06499290466308594,"w":-0.6466063857078552},"size":0.9709420204162598,"orthographic":true}