{"cameraMode":{"drawMode":0,"name":"Shaded","section":"Shading Mode"},"sceneLighting":false,"audioPlay":false,"sceneViewState":{"m_AlwaysRefresh":false,"showFog":true,"showSkybox":false,"showFlares":true,"showImageEffects":true,"showParticleSystems":true,"showVisualEffectGraphs":true,"m_FxEnabled":true},"in2DMode":false,"pivot":{"x":-0.5890570878982544,"y":0.5390116572380066,"z":-0.44825276732444765},"rotation":{"x":0.05309461057186127,"y":-0.9150195717811585,"z":0.12819808721542359,"w":0.3789970278739929},"size":1.1971161365509034,"orthographic":false}