{"cameraMode":{"drawMode":0,"name":"Shaded","section":"Shading Mode"},"sceneLighting":false,"audioPlay":false,"sceneViewState":{"m_AlwaysRefresh":false,"showFog":true,"showSkybox":false,"showFlares":true,"showImageEffects":true,"showParticleSystems":true,"showVisualEffectGraphs":true,"m_FxEnabled":true},"in2DMode":false,"pivot":{"x":0.0003861822187900543,"y":0.4942103624343872,"z":-0.03102225810289383},"rotation":{"x":0.21020732820034028,"y":-0.788472056388855,"z":0.3820651173591614,"w":0.4339316785335541},"size":0.012468266300857067,"orthographic":false}