{"cameraMode":{"drawMode":0,"name":"Shaded","section":"Shading Mode"},"sceneLighting":false,"audioPlay":false,"sceneViewState":{"m_AlwaysRefresh":false,"showFog":true,"showSkybox":false,"showFlares":true,"showImageEffects":true,"showParticleSystems":true,"showVisualEffectGraphs":true,"m_FxEnabled":true},"in2DMode":false,"pivot":{"x":0.12308481335639954,"y":0.058869168162345889,"z":0.004877150058746338},"rotation":{"x":0.0035907526034861805,"y":-0.028201963752508165,"z":-0.000034189004509244114,"w":-0.999652087688446},"size":0.7261283993721008,"orthographic":true}