{"cameraMode":{"drawMode":0,"name":"Shaded","section":"Shading Mode"},"sceneLighting":false,"audioPlay":false,"sceneViewState":{"m_AlwaysRefresh":false,"showFog":true,"showSkybox":false,"showFlares":true,"showImageEffects":true,"showParticleSystems":true,"showVisualEffectGraphs":true,"m_FxEnabled":true},"in2DMode":false,"pivot":{"x":0.010452210903167725,"y":0.22688186168670655,"z":0.030487418174743654},"rotation":{"x":0.19803553819656373,"y":-0.7738423943519592,"z":0.29102790355682375,"w":0.5266876816749573},"size":1.9513334035873414,"orthographic":false}