{"cameraMode":{"drawMode":0,"name":"Shaded","section":"Shading Mode"},"sceneLighting":false,"audioPlay":false,"sceneViewState":{"m_AlwaysRefresh":false,"showFog":true,"showSkybox":false,"showFlares":true,"showImageEffects":true,"showParticleSystems":true,"showVisualEffectGraphs":true,"m_FxEnabled":true},"in2DMode":false,"pivot":{"x":318.95489501953127,"y":1448.5313720703125,"z":25.35833740234375},"rotation":{"x":-0.011450129561126233,"y":0.9879633188247681,"z":0.12695100903511048,"w":0.08855852484703064},"size":326.3808288574219,"orthographic":false}