{"cameraMode":{"drawMode":0,"name":"Shaded","section":"Shading Mode"},"sceneLighting":false,"audioPlay":false,"sceneViewState":{"m_AlwaysRefresh":false,"showFog":true,"showSkybox":false,"showFlares":true,"showImageEffects":true,"showParticleSystems":true,"showVisualEffectGraphs":true,"m_FxEnabled":true},"in2DMode":false,"pivot":{"x":-0.0015394091606140137,"y":-2.9802322387695315e-8,"z":0.18410831689834596},"rotation":{"x":0.02181830443441868,"y":-0.3012004792690277,"z":-0.9533655047416687,"w":-0.006678895093500614},"size":0.7174829840660095,"orthographic":true}