{"cameraMode":{"drawMode":0,"name":"Shaded","section":"Shading Mode"},"sceneLighting":false,"audioPlay":false,"sceneViewState":{"m_AlwaysRefresh":false,"showFog":true,"showSkybox":false,"showFlares":true,"showImageEffects":true,"showParticleSystems":true,"showVisualEffectGraphs":true,"m_FxEnabled":true},"in2DMode":false,"pivot":{"x":0.011082187294960022,"y":-0.13906341791152955,"z":3.725290298461914e-9},"rotation":{"x":-0.2814238965511322,"y":0.3945670425891876,"z":-0.12825870513916017,"w":-0.86532062292099},"size":0.5726508498191834,"orthographic":false}