{"cameraMode":{"drawMode":0,"name":"Shaded","section":"Shading Mode"},"sceneLighting":false,"audioPlay":false,"sceneViewState":{"m_AlwaysRefresh":false,"showFog":true,"showSkybox":false,"showFlares":true,"showImageEffects":true,"showParticleSystems":true,"showVisualEffectGraphs":true,"m_FxEnabled":true},"in2DMode":false,"pivot":{"x":-7.450580596923828e-8,"y":2.9802322387695315e-8,"z":0.09315431118011475},"rotation":{"x":-0.724083423614502,"y":0.007909943349659443,"z":-0.008204749785363675,"w":-0.6897030472755432},"size":0.6103200912475586,"orthographic":true}