{"cameraMode":{"drawMode":0,"name":"Shaded","section":"Shading Mode"},"sceneLighting":false,"audioPlay":false,"sceneViewState":{"m_AlwaysRefresh":false,"showFog":true,"showSkybox":false,"showFlares":true,"showImageEffects":true,"showParticleSystems":true,"showVisualEffectGraphs":true,"m_FxEnabled":true},"in2DMode":false,"pivot":{"x":0.022805988788604738,"y":-0.2076411247253418,"z":2.3739867210388185},"rotation":{"x":-0.350396990776062,"y":-0.23253284394741059,"z":0.09019884467124939,"w":-0.9028553366661072},"size":5.333592414855957,"orthographic":false}