{"cameraMode":{"drawMode":0,"name":"Shaded","section":"Shading Mode"},"sceneLighting":false,"audioPlay":false,"sceneViewState":{"m_AlwaysRefresh":false,"showFog":true,"showSkybox":false,"showFlares":true,"showImageEffects":true,"showParticleSystems":true,"showVisualEffectGraphs":true,"m_FxEnabled":true},"in2DMode":false,"pivot":{"x":-0.000024289824068546295,"y":0.05543249845504761,"z":-0.022476285696029664},"rotation":{"x":0.022484110668301584,"y":0.019790058955550195,"z":0.0005069329054094851,"w":-0.9996091723442078},"size":0.5798327326774597,"orthographic":true}