{"cameraMode":{"drawMode":0,"name":"Shaded","section":"Shading Mode"},"sceneLighting":false,"audioPlay":false,"sceneViewState":{"m_AlwaysRefresh":false,"showFog":true,"showSkybox":false,"showFlares":true,"showImageEffects":true,"showParticleSystems":true,"showVisualEffectGraphs":true,"m_FxEnabled":true},"in2DMode":false,"pivot":{"x":-0.20176425576210023,"y":0.06457552313804627,"z":0.26902589201927187},"rotation":{"x":-0.5023561120033264,"y":0.10226621478796005,"z":-0.059912826865911487,"w":-0.8565657734870911},"size":0.864818274974823,"orthographic":false}