{"cameraMode":{"drawMode":0,"name":"Shaded","section":"Shading Mode"},"sceneLighting":false,"audioPlay":false,"sceneViewState":{"m_AlwaysRefresh":false,"showFog":true,"showSkybox":false,"showFlares":true,"showImageEffects":true,"showParticleSystems":true,"showVisualEffectGraphs":true,"m_FxEnabled":true},"in2DMode":false,"pivot":{"x":0.0688161849975586,"y":-0.25192946195602419,"z":0.8077297210693359},"rotation":{"x":0.0880865603685379,"y":-0.9090931415557861,"z":0.32332611083984377,"w":0.24778379499912263},"size":0.7430481314659119,"orthographic":false}