{"cameraMode":{"drawMode":0,"name":"Shaded","section":"Shading Mode"},"sceneLighting":false,"audioPlay":false,"sceneViewState":{"m_AlwaysRefresh":false,"showFog":true,"showSkybox":false,"showFlares":true,"showImageEffects":true,"showParticleSystems":true,"showVisualEffectGraphs":true,"m_FxEnabled":true},"in2DMode":false,"pivot":{"x":0.059030890464782718,"y":-3.725290298461914e-9,"z":-0.02719518542289734},"rotation":{"x":-0.5505527257919312,"y":0.02180503122508526,"z":-0.014347768388688565,"w":-0.8344663977622986},"size":0.5798327326774597,"orthographic":true}